slug,playground,group,project_title,status,difficulty,playground_link,mapped_lab_env,clickup_page
automating-web-deployments-ansible,Ansible Playground,,Automating Web Deployments with Ansible,active,intermediate,https://kodekloud.com/playgrounds/playground-ansible,TBD,13h9cc-137716
database-sharding-and-data-migration,Docker Playground,,Database Sharding and Data Migration,active,advanced,https://kodekloud.com/playgrounds/playground-docker,TBD,13h9cc-135916
automated-dependency-guardrail,Docker Playground,,Automated Dependency Guardrail,active,intermediate,https://kodekloud.com/playgrounds/playground-docker,TBD,13h9cc-135956
service-mesh-traffic-engineering,Istio Playground,,Service Mesh Traffic Engineering,active,advanced,https://kodekloud.com/playgrounds/playground-k8s-with-istio,TBD,13h9cc-136056
resilient-local-storage-statefulsets,Kubernetes Playground,,Resilient Local Storage with StatefulSets,active,intermediate,https://kodekloud.com/playgrounds/playground-kubernetes-single-node-latest,TBD,13h9cc-135996
microservices-application-deployment,Kubernetes Playground,,Microservices Application Deployment,active,intermediate,https://kodekloud.com/playgrounds/playground-kubernetes-single-node-latest,TBD,13h9cc-135876
monolith-to-microservices,Kubernetes Playground,,Monolith to Microservices,active,intermediate,https://kodekloud.com/playgrounds/playground-kubernetes-single-node-latest,TBD,13h9cc-136016
automated-cloud-foundation,AWS Terraform Playground,,Automated Cloud Foundation,active,intermediate,https://kodekloud.com/playgrounds/playground-terraform-aws,TBD,13h9cc-136116
multi-node-high-availability,Ubuntu Playground,,Multi-Node High Availability,active,intermediate,https://kodekloud.com/playgrounds/playground-ubuntu-20-04-multi-node,TBD,13h9cc-136076
identity-and-dynamic-secrets-engine,Vault Playground,,Identity & Dynamic Secret Engines,active,intermediate,https://kodekloud.com/playgrounds/playground-hashicorp-vault,TBD,13h9cc-136096
config-based-arch-workspace,Arch Linux Playground,,Config-Based Arch Workspace,active,intermediate,https://kodekloud.com/playgrounds/playground-arch-linux,TBD,13h9cc-137996
end-to-end-cicd-microservice-pipeline,Full CI/CD Playground,,End-to-End CICD Microservice Pipeline,active,advanced,https://kodekloud.com/playgrounds/playground-ci-cd,TBD,13h9cc-138476
web-application-traffic-monitoring,Prometheus Helm Playground,,Web Application Traffic Monitoring,active,intermediate,https://kodekloud.com/playgrounds/playground-prometheus-with-helm,TBD,13h9cc-142276
centralized-log-aggregation-efk,Kubernetes EFK Playground,,Centralized Log Aggregation and Analysis with EFK,active,advanced,https://kodekloud.com/playgrounds/playground-k8s-with-efk,TBD,13h9cc-142656
decoupled-gitops-inventory-pipeline,GitLab | AWS Playground,,Decoupled GitOps Inventory Pipeline,active,advanced,https://kodekloud.com/playgrounds,TBD,13h9cc-144416
cloud-cost-pulse-realtime-finops-lakehouse,Jupyter | AWS Playground,,Cloud Cost Pulse — Real-Time FinOps Lakehouse,active,advanced,https://kodekloud.com/cloud-playgrounds/aws,TBD,13h9cc-143596
smart-customer-email-triage-ai,N8N | KodeKey Playground,KodeKey Enabled,Smart Customer Email Triage with AI,active,advanced,https://kodekloud.com/playgrounds/playground-n8n,TBD,13h9cc-142296
n8n-resume-radar-import,N8N | KodeKey Playground,KodeKey Enabled,ResumeRadar - Import and Run,active,beginner,TBD,TBD,13h9cc-144096
autonomous-secops-agent,Kubernetes | KodeKey Playground,KodeKey Enabled,Autonomous SecOps Agent,active,advanced,"https://kodekloud.com/playgrounds/playground-kubernetes-single-node-latest, https://kodekloud.com/ai-playgrounds/kodekey",TBD,13h9cc-137396
three-tier-application-aws-terraform-private-ecs-nat,AWS Terraform | KodeKey Playground,KodeKey Enabled,Secure Three-Tier AI Application on AWS with Private ECS and NAT Gateway,active,advanced,https://kodekloud.com/playgrounds/playground-terraform-aws,TBD,13h9cc-139416
type-safe-financial-extraction-engine,Python | KodeKey Playground,KodeKey Enabled,Type-Safe Financial Extraction Engine,active,advanced,https://kodekloud.com/playgrounds/playground-python,TBD,13h9cc-135936
cloud-cost-pulse-realtime-finops-lakehouse-2,AWS | KodeKey,KodeKey Enabled,Cloud Cost Pulse — Real-Time FinOps Lakehouse,active,advanced,https://kodekloud.com/cloud-playgrounds/aws,TBD,13h9cc-144456
enterprise-hr-database-audit,MySQL Playground,Database,Enterprise HR Database Audit,active,intermediate,https://kodekloud.com/playgrounds/playground-mysql,TBD,13h9cc-143096
mongodb-access-control-and-least-privilege-hardening,MongoDB Playground,Database,MongoDB Access Control and Least Privilege Hardening,active,intermediate,https://kodekloud.com/playgrounds/playground-mongodb,TBD,13h9cc-143556
postgrest-rls-lab,PostgreSQL Playground,Database,PostgREST Multi-Tenant Security with PostgreSQL RLS,active,advanced,https://kodekloud.com/playgrounds/playground-postgresql,TBD,13h9cc-142956
relational-database-initialization-and-schema-design,MariaDB Playground,Database,Relational Database Initialization and Schema Design,active,beginner,TBD,TBD,13h9cc-144736
in-memory-caching-for-latency-reduction-and-api-rate-limiting,Redis Playground,Database,In-Memory Caching for Latency Reduction and API Rate Limiting,active,intermediate,TBD,TBD,13h9cc-145476
streaming-chat-websockets,Node JS Playground,,Streaming Chat Over WebSockets (No Framework),active,beginner,https://kodekloud.com/playgrounds/playground-nodejs,TBD,13h9cc-144896
image-thumbnail-farm-worker-threads,Node JS Playground,,Image Thumbnail Farm (worker_threads Pool),active,intermediate,https://kodekloud.com/playgrounds/playground-nodejs,TBD,13h9cc-144916
memory-leak-hunt,Node JS Playground,,Memory Leak Hunt,active,intermediate,https://kodekloud.com/playgrounds/playground-nodejs,TBD,13h9cc-145536
event-loop-time-machine,Node JS Playground,,Event Loop Time Machine (Predict → Run → Diff CLI),active,intermediate,https://kodekloud.com/playgrounds/playground-nodejs,TBD,13h9cc-145916
starvation-detector-event-loop,Node JS Playground,,Starvation Detector,active,intermediate,https://kodekloud.com/playgrounds/playground-nodejs,TBD,13h9cc-146136
cloud-native-ecommerce-wasm-microservice-engine,WASM | AWS Playground,,Cloud-Native E-Commerce WASM Storefront with AWS Serverless Backend,draft,advanced,"['https://kodekloud.com/cloud-playgrounds/aws', 'https://kodekloud.com/playgrounds/playground-wasm']",TBD,13h9cc-145096
zero-trust-micro-segmentation-with-calico,Kubernetes With Calico Playground,,Zero-Trust Micro-Segmentation with Calico,active,advanced,TBD,TBD,13h9cc-145816
secure-cicd-self-hosted-agents,Azure DevOps Playground,,Secure CI/CD with Self-Hosted Agents,active,intermediate,https://kodekloud.com/cloud-playgrounds/azure-devops,TBD,13h9cc-146036
releaseforge-governed-aws-infrastructure-delivery,AWS | Azure DevOps Playground,,ReleaseForge — Governed AWS Infrastructure Delivery,active,advanced,"https://kodekloud.com/cloud-playgrounds/azure-devops, https://kodekloud.com/cloud-playgrounds/aws",TBD,13h9cc-146176
